{
  "style-reference/structure.test.ts": 1776576339.082942,
  "style-reference/style-reference-main.jsx": 1776582638.8757322,
  "style-reference/visual-reference-base.jsx": 1776576579.2763915,
  "scripts/reset-project.js": 499162500.0,
  "src/root-layout.source.test.ts": 1776647925.3285215,
  "src/app/index.tsx": 1776723344.225415,
  "src/app/auth.tsx": 1776595827.5363321,
  "src/app/_layout.tsx": 1776648393.1607468,
  "src/app/video/[videoId].tsx": 1776584253.0883687,
  "src/app/(tabs)/feed.tsx": 1776601056.2336848,
  "src/app/(tabs)/me.tsx": 1776601056.234204,
  "src/app/(tabs)/_layout.tsx": 1776601056.2331944,
  "src/app/(tabs)/save.tsx": 1776601056.2339387,
  "src/features/auth/index.ts": 1776596528.9216244,
  "src/features/auth/ui/auth-social-row.tsx": 1776595827.5347812,
  "src/features/auth/ui/auth-field.tsx": 1776595827.534198,
  "src/features/auth/ui/title-font.ts": 1776638129.3525696,
  "src/features/auth/ui/auth-code-row.tsx": 1776595858.9471524,
  "src/features/auth/ui/auth-mode-tabs.tsx": 1776601138.9721284,
  "src/features/auth/ui/auth-card-title.tsx": 1776638129.3529532,
  "src/features/auth/ui/structured-auth-card.tsx": 1776601133.8911822,
  "src/features/auth/ui/auth-primary-button.tsx": 1776596528.9219148,
  "src/features/auth/ui/auth-provider-button.tsx": 1776595827.5346205,
  "src/features/auth/ui/login-entry-card.tsx": 1776601254.597279,
  "src/features/auth/ui/title-font.test.ts": 1776638129.3534877,
  "src/features/auth/model/navigation.test.ts": 1776596604.425198,
  "src/features/auth/model/navigation.ts": 1776596528.9213657,
  "src/features/auth/model/auth-ui-state.ts": 1776595709.8544445,
  "src/features/auth/model/auth-copy.ts": 1776601108.130098,
  "src/features/auth/model/auth-copy.test.ts": 1776601098.457044,
  "src/features/auth/model/auth-ui-state.test.ts": 1776595692.520514,
  "src/features/video-runtime/index.ts": 1776712613.36986,
  "src/features/video-runtime/model/resolve-effective-video-runtime-flags.ts": 1776705664.800679,
  "src/features/video-runtime/model/video-runtime-store.ts": 1776712554.8882272,
  "src/features/video-runtime/model/video-runtime.test.ts": 1776712687.4929736,
  "src/features/video-runtime/model/use-video-runtime-state.ts": 1776705804.092414,
  "src/features/video-runtime/model/resolve-next-video-runtime-override.ts": 1776705664.801112,
  "src/features/feed-session/index.ts": 1776587083.58932,
  "src/features/feed-session/model/feed-session.ts": 1776587083.5889697,
  "src/features/feed-session/model/feed-session.test.ts": 1776587083.5897465,
  "src/features/video-playback/index.ts": 1776652762.1266482,
  "src/features/video-playback/model/playback-session.test.ts": 1776652271.8214514,
  "src/features/video-playback/model/playback-session.ts": 1776652495.9296443,
  "src/features/video-playback/model/player-window.test.ts": 1776648650.4513273,
  "src/features/video-playback/model/player-window.ts": 1776648681.8416278,
  "src/features/transcript-source/index.ts": 1776715015.5179174,
  "src/features/transcript-source/model/transcript-query.test.ts": 1776714928.047023,
  "src/features/transcript-source/model/transcript-prefetch.test.ts": 1776714928.0471907,
  "src/features/transcript-source/model/transcript-prefetch.ts": 1776715015.5202248,
  "src/features/transcript-source/model/use-fullscreen-transcript-source.ts": 1776715015.5205395,
  "src/features/transcript-source/model/use-fullscreen-transcript-source.source.test.ts": 1776714928.0473387,
  "src/features/transcript-source/model/transcript-query.ts": 1776715015.5197608,
  "src/features/feed-source/index.ts": 1776675740.2637084,
  "src/features/feed-source/model/feed-source.ts": 1776712840.9265153,
  "src/features/feed-source/model/batch-source-handoff.native.ts": 1776712846.9411864,
  "src/features/feed-source/model/use-feed-source.ts": 1776647581.3251505,
  "src/features/feed-source/model/feed-source.test.ts": 1776712725.9335504,
  "src/features/feed-source/model/batch-source-handoff.ts": 1776712846.9409332,
  "src/shared/ui/toast/toast-design.ts": 1776593247.4413428,
  "src/shared/ui/toast/ToastCard.tsx": 1776593247.4406266,
  "src/shared/ui/toast/toast-design.test.ts": 1776593247.441153,
  "src/shared/ui/toast/ToastHost.tsx": 1776593247.4408238,
  "src/shared/ui/toast/index.ts": 1776593247.440976,
  "src/shared/ui/modal/ModalBackdrop.tsx": 1776647900.132376,
  "src/shared/ui/modal/modal-layout.ts": 1776647900.1322367,
  "src/shared/ui/modal/modal-layout.test.ts": 1776647671.1310797,
  "src/shared/ui/modal/modal-design.ts": 1776647900.1312456,
  "src/shared/ui/modal/ModalHost.tsx": 1776647946.3588965,
  "src/shared/ui/modal/modal-gesture.test.ts": 1776647671.130959,
  "src/shared/ui/modal/ModalFrame.tsx": 1776647900.1325111,
  "src/shared/ui/modal/modal-gesture.ts": 1776648341.9059753,
  "src/shared/ui/modal/index.ts": 1776647900.1330502,
  "src/shared/ui/modal/ModalItem.tsx": 1776647946.3593466,
  "src/shared/ui/startup/launch-screen.tsx": 1776635621.2724583,
  "src/shared/ui/startup/index.ts": 1776635621.2726612,
  "src/shared/ui/startup/launch-screen-design.test.ts": 1776635383.8942657,
  "src/shared/ui/startup/launch-screen-design.ts": 1776635621.272248,
  "src/shared/ui/editorial-paper/segmented-filter-bar-design.ts": 1776600649.7355368,
  "src/shared/ui/editorial-paper/adaptive-glass-appearance.test.ts": 1776603045.2240498,
  "src/shared/ui/editorial-paper/soft-action-button.tsx": 1776581958.6822207,
  "src/shared/ui/editorial-paper/adaptive-glass-appearance.ts": 1776603045.223536,
  "src/shared/ui/editorial-paper/glass-support.ts": 1776581958.6785243,
  "src/shared/ui/editorial-paper/utils.ts": 1776581958.6781802,
  "src/shared/ui/editorial-paper/segmented-filter-bar.tsx": 1776600945.4127188,
  "src/shared/ui/editorial-paper/types.ts": 1776602861.58186,
  "src/shared/ui/editorial-paper/glass-support.test.ts": 1776581734.0301435,
  "src/shared/ui/editorial-paper/meta-label.tsx": 1776581958.6820474,
  "src/shared/ui/editorial-paper/editorial-title.tsx": 1776581958.6817906,
  "src/shared/ui/editorial-paper/adaptive-glass.tsx": 1776603045.2242658,
  "src/shared/ui/editorial-paper/raised-surface.tsx": 1776581958.6802757,
  "src/shared/ui/editorial-paper/icon-pill.tsx": 1776581958.6828399,
  "src/shared/ui/editorial-paper/index.ts": 1776581958.6831887,
  "src/shared/ui/editorial-paper/inset-surface.tsx": 1776581958.6813776,
  "src/shared/ui/editorial-paper/segmented-filter-bar-design.test.ts": 1776600477.4661522,
  "src/shared/theme/editorial-paper/foundation.test.ts": 1776638129.3540325,
  "src/shared/theme/editorial-paper/fonts.ts": 1776638129.351164,
  "src/shared/theme/editorial-paper/glass.ts": 1776581958.6725004,
  "src/shared/theme/editorial-paper/radius.ts": 1776581958.671113,
  "src/shared/theme/editorial-paper/types.ts": 1776638129.3522043,
  "src/shared/theme/editorial-paper/elevation.ts": 1776581958.6718633,
  "src/shared/theme/editorial-paper/context.tsx": 1776638129.3517876,
  "src/shared/theme/editorial-paper/index.ts": 1776638129.3514116,
  "src/shared/theme/editorial-paper/typography.ts": 1776582638.8747404,
  "src/shared/theme/editorial-paper/spacing.ts": 1776601056.2395227,
  "src/shared/lib/react-query/query-client.ts": 1776562219.921918,
  "src/shared/lib/toast/store.test.ts": 1776593247.4393697,
  "src/shared/lib/toast/types.ts": 1776593247.4397762,
  "src/shared/lib/toast/constants.ts": 1776593247.4385307,
  "src/shared/lib/toast/index.ts": 1776593247.438796,
  "src/shared/lib/toast/service.ts": 1776593247.4390893,
  "src/shared/lib/toast/store.ts": 1776593247.4396079,
  "src/shared/lib/modal/store.test.ts": 1776647671.1304977,
  "src/shared/lib/modal/use-modal-controller.ts": 1776647731.605046,
  "src/shared/lib/modal/types.ts": 1776647731.6045957,
  "src/shared/lib/modal/index.ts": 1776647731.605267,
  "src/shared/lib/modal/service.ts": 1776647731.6049314,
  "src/shared/lib/modal/store.ts": 1776647731.6047776,
  "src/shared/lib/startup/launch-bootstrap.ts": 1776635621.2718182,