{
  "scripts/reset-project.js": 499162500.0,
  "src/global.d.ts": 1776551297.2383225,
  "src/app/index.tsx": 1776561282.3351767,
  "src/app/_layout.tsx": 1776562219.9132113,
  "src/constants/theme.ts": 499162500.0,
  "src/features/video-playback/index.ts": 1776562219.9172633,
  "src/features/video-playback/model/feed-playback.test.ts": 1776554672.81374,
  "src/features/video-playback/model/feed-playback.ts": 1776554866.057545,
  "src/features/video-playback/model/player-window.test.ts": 1776562219.9174936,
  "src/features/video-playback/model/player-window.ts": 1776562219.917776,
  "src/features/feed-pagination/index.ts": 1776562219.9159362,
  "src/features/feed-pagination/model/feed-pagination-policy.ts": 1776562219.916497,
  "src/features/feed-pagination/model/feed-pagination-policy.test.ts": 1776562219.9162679,
  "src/features/feed-pagination/model/use-feed-infinite-query.ts": 1776562219.9166563,
  "src/shared/theme/colors.ts": 1776551252.5668273,
  "src/shared/lib/react-query/query-client.ts": 1776562219.921918,
  "src/components/themed-text.tsx": 499162500.0,
  "src/components/animated-icon.tsx": 499162500.0,
  "src/components/themed-view.tsx": 499162500.0,
  "src/components/hint-row.tsx": 499162500.0,
  "src/components/web-badge.tsx": 499162500.0,
  "src/components/external-link.tsx": 499162500.0,
  "src/components/animated-icon.web.tsx": 499162500.0,
  "src/components/ui/collapsible.tsx": 499162500.0,
  "src/hooks/use-color-scheme.web.ts": 499162500.0,
  "src/hooks/use-color-scheme.ts": 499162500.0,
  "src/hooks/use-theme.ts": 499162500.0,
  "src/pages/feed/index.ts": 1776551252.5666337,
  "src/pages/feed/ui/feed-screen.tsx": 1776562219.9205816,
  "src/pages/feed/model/feed-screen-selectors.ts": 1776562219.9187896,
  "src/pages/feed/model/feed-screen-selectors.test.ts": 1776562219.9184196,
  "src/pages/feed/model/use-feed-screen-controller.ts": 1776562219.919522,
  "src/widgets/video-feed/index.ts": 1776562219.9224799,
  "src/widgets/video-feed/ui/video-feed.tsx": 1776562219.9244652,
  "src/widgets/video-feed/ui/video-feed-list.tsx": 1776562219.9237485,
  "src/widgets/video-feed/ui/video-feed-loading-card.tsx": 1776554866.058549,
  "src/widgets/video-feed/ui/video-feed-overlay.tsx": 1776562219.9239676,
  "src/widgets/video-feed/ui/video-feed-item.tsx": 1776562219.9234104,
  "src/widgets/video-feed/model/types.ts": 1776562219.923066,
  "src/widgets/video-feed/model/index.ts": 1776562219.9227989,
  "src/entities/video/index.ts": 1776562219.9151838,
  "src/entities/video/model/videos.ts": 1776554866.056287,
  "src/entities/video/model/types.ts": 1776562219.915509,
  "src/entities/feed/index.ts": 1776562219.914609,
  "src/entities/feed/model/types.ts": 1776562219.9149384,
  "src/entities/feed/api/mock-feed-repository.ts": 1776562219.9142878,
  "src/entities/feed/api/mock-feed-repository.test.ts": 1776562219.9140265,
  "docs/\u9879\u76ee\u89c4\u8303.md": 1776562758.8915925,
  "docs/\u6280\u672f\u6808\u9009\u578b.md": 1776563152.9955397,
  "docs/\u9879\u76ee\u6574\u4f53\u9700\u6c42\u4e0e\u5e94\u7528\u6982\u89c8.md": 1776563152.9950385
}