{
  "style-reference/structure.test.ts": 1776576339.082942,
  "style-reference/style-reference-main.jsx": 1776582638.8757322,
  "style-reference/visual-reference-base.jsx": 1776576579.2763915,
  "scripts/reset-project.js": 499162500.0,
  "src/app/index.tsx": 1776584253.08811,
  "src/app/_layout.tsx": 1776593247.437438,
  "src/app/video/[videoId].tsx": 1776584253.0883687,
  "src/features/favorite/index.ts": 1776579482.8923225,
  "src/features/favorite/model/favorite-query.ts": 1776579482.8921254,
  "src/features/favorite/model/set-favorite-mutation.ts": 1776579482.8922098,
  "src/features/favorite/model/favorite-mutation.test.ts": 1776579617.3230503,
  "src/features/feed-session/index.ts": 1776587083.58932,
  "src/features/feed-session/model/feed-session.ts": 1776587083.5889697,
  "src/features/feed-session/model/feed-session.test.ts": 1776587083.5897465,
  "src/features/video-playback/index.ts": 1776584367.7323773,
  "src/features/video-playback/model/player-window.test.ts": 1776562219.9174936,
  "src/features/video-playback/model/player-window.ts": 1776562219.917776,
  "src/features/feed-pagination/index.ts": 1776585510.242808,
  "src/features/feed-pagination/model/feed-source.ts": 1776585373.60745,
  "src/features/feed-pagination/model/feed-pagination-policy.ts": 1776562219.916497,
  "src/features/feed-pagination/model/feed-pagination-policy.test.ts": 1776562219.9162679,
  "src/features/feed-pagination/model/feed-source.test.ts": 1776585484.4698887,
  "src/features/feed-pagination/model/use-feed-infinite-query.ts": 1776562219.9166563,
  "src/shared/ui/toast/toast-design.ts": 1776593247.4413428,
  "src/shared/ui/toast/ToastCard.tsx": 1776593247.4406266,
  "src/shared/ui/toast/toast-design.test.ts": 1776593247.441153,
  "src/shared/ui/toast/ToastHost.tsx": 1776593247.4408238,
  "src/shared/ui/toast/index.ts": 1776593247.440976,
  "src/shared/ui/editorial-paper/soft-action-button.tsx": 1776581958.6822207,
  "src/shared/ui/editorial-paper/glass-support.ts": 1776581958.6785243,
  "src/shared/ui/editorial-paper/utils.ts": 1776581958.6781802,
  "src/shared/ui/editorial-paper/segmented-filter-bar.tsx": 1776581958.6825237,
  "src/shared/ui/editorial-paper/types.ts": 1776581958.6776667,
  "src/shared/ui/editorial-paper/glass-support.test.ts": 1776581734.0301435,
  "src/shared/ui/editorial-paper/meta-label.tsx": 1776581958.6820474,
  "src/shared/ui/editorial-paper/editorial-title.tsx": 1776581958.6817906,
  "src/shared/ui/editorial-paper/adaptive-glass.tsx": 1776582044.7445908,
  "src/shared/ui/editorial-paper/raised-surface.tsx": 1776581958.6802757,
  "src/shared/ui/editorial-paper/icon-pill.tsx": 1776581958.6828399,
  "src/shared/ui/editorial-paper/index.ts": 1776581958.6831887,
  "src/shared/ui/editorial-paper/inset-surface.tsx": 1776581958.6813776,
  "src/shared/theme/editorial-paper/foundation.test.ts": 1776582605.866866,
  "src/shared/theme/editorial-paper/fonts.ts": 1776582638.8740566,
  "src/shared/theme/editorial-paper/glass.ts": 1776581958.6725004,
  "src/shared/theme/editorial-paper/radius.ts": 1776581958.671113,
  "src/shared/theme/editorial-paper/types.ts": 1776582638.8745542,
  "src/shared/theme/editorial-paper/elevation.ts": 1776581958.6718633,
  "src/shared/theme/editorial-paper/context.tsx": 1776581958.6731882,
  "src/shared/theme/editorial-paper/index.ts": 1776582638.8749104,
  "src/shared/theme/editorial-paper/typography.ts": 1776582638.8747404,
  "src/shared/theme/editorial-paper/spacing.ts": 1776581958.6707933,
  "src/shared/lib/react-query/query-client.ts": 1776562219.921918,
  "src/shared/lib/toast/store.test.ts": 1776593247.4393697,
  "src/shared/lib/toast/types.ts": 1776593247.4397762,
  "src/shared/lib/toast/constants.ts": 1776593247.4385307,
  "src/shared/lib/toast/index.ts": 1776593247.438796,
  "src/shared/lib/toast/service.ts": 1776593247.4390893,
  "src/shared/lib/toast/store.ts": 1776593247.4396079,
  "src/shared/api/api-error.ts": 1776579482.8898668,
  "src/shared/api/request.test.ts": 1776579617.32272,
  "src/shared/api/request.ts": 1776579482.8903935,
  "src/shared/api/index.ts": 1776579482.89058,
  "src/shared/telemetry/index.ts": 1776579482.891253,
  "src/shared/telemetry/model/types.ts": 1776579482.8911521,
  "src/pages/video-detail/index.ts": 1776584241.0908997,
  "src/pages/video-detail/ui/video-detail-page.tsx": 1776593247.3992865,
  "src/pages/feed/index.ts": 1776584241.0936496,
  "src/pages/feed/ui/restore-scroll.test.ts": 1776587542.3862588,
  "src/pages/feed/ui/restore-scheduler.test.ts": 1776587729.540365,
  "src/pages/feed/ui/restore-scroll.ts": 1776587559.5087347,
  "src/pages/feed/ui/feed-page.tsx": 1776587750.1524365,
  "src/pages/feed/ui/restore-scheduler.ts": 1776587750.152109,
  "src/pages/feed/ui/loading-state.ts": 1776586031.6080506,
  "src/pages/feed/ui/loading-state.test.ts": 1776586031.6084087,
  "src/widgets/fullscreen-video-pager/index.ts": 1776584241.0929084,
  "src/widgets/fullscreen-video-pager/ui/playback-feedback-overlay.tsx": 1776593247.4027805,
  "src/widgets/fullscreen-video-pager/ui/active-video-overlay.tsx": 1776593247.40171,
  "src/widgets/fullscreen-video-pager/ui/playable-video-surface.tsx": 1776593247.4025497,
  "src/widgets/fullscreen-video-pager/ui/fullscreen-video-item.tsx": 1776593247.4020052,
  "src/widgets/fullscreen-video-pager/ui/row-bound-video-overlay.tsx": 1776593247.4029827,
  "src/widgets/fullscreen-video-pager/ui/fullscreen-video-pager.tsx": 1776593247.4022772,
  "src/widgets/fullscreen-video-pager/model/initial-positioning.test.ts": 1776593247.4007041,
  "src/widgets/fullscreen-video-pager/model/active-video-change.ts": 1776593247.4003785,
  "src/widgets/fullscreen-video-pager/model/initial-positioning.ts": 1776593247.4009311,
  "src/widgets/fullscreen-video-pager/model/render-props.ts": 1776593247.4013782,
  "src/widgets/fullscreen-video-pager/model/loading-state.ts": 1776585720.0110703,
  "src/widgets/fullscreen-video-pager/model/active-video-change.test.ts": 1776593247.4002275,
  "src/widgets/fullscreen-video-pager/model/render-props.test.ts": 1776593247.4011824,
  "src/widgets/fullscreen-video-pager/model/loading-state.test.ts": 1776585720.0115952,
  "src/entities/video/index.ts": 1776562219.9151838,
  "src/entities/video/model/videos.ts": 1776554866.056287,
  "src/entities/video/model/types.ts": 1776562219.915509,
  "src/entities/favorite/index.ts": 1776579482.8918815,
  "src/entities/favorite/model/types.ts": 1776579482.8915691,
  "src/entities/favorite/api/mock-favorite-repository.test.ts": 1776579338.4117703,
  "src/entities/favorite/api/favorite-repository.ts": 1776579482.8917863,
  "src/entities/favorite/api/mock-favorite-repository.ts": 1776579482.891676,
  "src/entities/feed/index.ts": 1776579528.9156,
  "src/entities/feed/model/types.ts": 1776562219.9149384,
  "src/entities/feed/api/feed-repository.ts": 1776579482.8925447,
  "src/entities/feed/api/feed-repository.test.ts": 1776579544.029865,
  "src/entities/feed/api/mock-feed-repository.ts": 1776579482.8929133,
  "src/entities/feed/api/mock-feed-repository.test.ts": 1776579482.893118,
  "docs/\u9879\u76ee\u89c4\u8303.md": 1776584416.2058215,
  "docs/\u5168\u5c40Top Toast\u8bbe\u8ba1\u4e0e\u5b9e\u73b0\u89c4\u8303.md": 1776593247.4363134,
  "docs/Feed\u4e0eFullscreen Video\u9875\u9762\u8bbe\u8ba1\u903b\u8f91.md": 1776593247.3963706,
  "docs/\u6280\u672f\u6808\u9009\u578b.md": 1776593247.3968084,
  "docs/\u7f16\u8f91\u7eb8\u611fUI\u8bbe\u8ba1\u89c4\u8303.md": 1776593247.3973055,
  "docs/\u7f51\u7edc\u5c42\u4e0e\u4e8b\u4ef6\u4e0a\u62a5\u89c4\u8303.md": 1776579482.8937933,
  "docs/Fullscreen Video Overlay\u8bbe\u8ba1\u89c4\u8303.md": 1776589986.6489203,
  "docs/\u9879\u76ee\u6574\u4f53\u9700\u6c42\u4e0e\u5e94\u7528\u6982\u89c8.md": 1776563152.9950385
}